Uniprot ID,Protein,Phospho Site (Human),UMean,UMean Error (%),TMean,TMean Error (%)
P00519,ABL1,Y469,3181,9,3275,15
Q13085,AcCoA carboxylase,S80,6903,11,8593,10
Q07912,ACK1 ,Y284,6228,22,9598,9
Q07912,ACK1 ,Y518,6266,10,5448,6
Q07912,ACK1 ,Y859+Y860,90,430,21,28
P31749,AKT1 (PKBa),Y326,805,9,287,29
Q9UM73,ALK,Y1092,2852,12,3413,7
P54646,AMPKa2 ,S377,9919,10,11615,15
P07355,ANXA2,Y238,2735,6,2320,11
P10398,A-Raf (RafA),Pan-specific,10569,21,9230,6
Q99683,ASK1 ,S1033,83,30,82,398
Q96GD4,AurKB (Aurora B),S227,6297,11,8690,12
Q9UQB9,AurKC (Aurora C),S193,60,51,10,33
P30530,AXL,Y702+Y703,54,1364,12,50
P25098,BARK1 ,Y356,3908,14,3904,13
P15056,B-Raf (RafB),S446+S447,1492,10,1408,39
P15056,B-Raf (RafB),S729,3366,22,8515,33
P15056,B-Raf (RafB),Pan-specific,5748,25,13565,30
P06493,CDK1 ,T14+Y15,11607,51,10462,26
P06493,CDK1 ,T161,7201,25,8165,21
Q9NYV4,CDK12 ,T893,24350,16,13096,14
P24941,CDK2,Pan-specific,4388,29,5055,31
P24941,CDK2,T160,6296,10,9840,12
P11802,CDK4,Pan-specific,6101,15,6394,11
Q00534,CDK6,Y24,1022,12,981,34
O76039,CDKL5 ,Y171,9006,10,10876,10
O14757,CHK1,Pan-specific,5384,18,5954,6
O14757,CHK1,S317,5973,17,7948,9
O96017,CHK2 ,Pan-specific,4951,6,5889,13
O96017,CHK2 ,T68,5126,38,9632,18
P68400,CK2a1 ,T360+S362,11747,33,11827,10
P49759,CLK1,S337,1664,15,1337,34
P49759,CLK1,S337+T338,2681,13,2288,30
P41279,COT ,S334,4772,23,5258,20
P16220,CREB1,S133,9152,14,11059,14
P07333,CSF1R ,S807+Y809,927,14,911,25
P07333,CSF1R ,Pan-specific,6937,21,10744,7
P07333,CSF1R ,Pan-specific,6428,15,9876,12
P41240,CSK,Pan-specific,1501,6,2305,42
Q12852,DAPK3 ,S269,901,14,1329,9
Q08345,DDR1,Y796+Y797,1026,13,1550,4
Q08345,DDR1,Y797,61,2215,38,58
Q16832,DDR2 ,Y736,1321,11,2185,14
Q16832,DDR2 ,Y740,1157,8,1796,20
P78527,DNAPK ,Pan-specific,8986,5,5243,12
P78527,DNAPK ,T2609,3245,2,5008,16
P78527,DNAPK ,Y883,4081,9,3691,9
Q7L591,DOK3,Y398,8274,9,10815,9
Q13627,DYRK1A,Y321,798,17,943,19
P68104,eEF1A1,Y141,1360,11,2114,16
P52799,EFNB2,Y316,5599,15,4806,10
P00533,EGFR ,T693,4563,953,9859,21
P00533,EGFR ,Y1069,1106,13,1521,12
P00533,EGFR ,Y869,929,9,1721,8
P00533,EGFR ,Y998,509,7,818,15
P00533,EGFR ,Pan-specific,5948,4,9248,9
P00533,EGFR ,Pan-specific,8296,22,11357,15
P00533,EGFR ,Pan-specific,4397,10,9044,21
P05198,eIF2a,Pan-specific,1190,10,3424,7
Q9NZJ5,EIF2AK3 ,T982,5736,11,10852,8
Q9HC35,EML4,Y226,1752,23,2564,9
P06733,ENO1,Y44,851,36,962,7
P09104,ENO2,Y25,2808,12,2606,7
P21709,EphA1,Pan-specific,1389,18,926,32
P21709,EphA1,Y781,4188,20,6174,13
P29317,EphA2,Y588,3469,8,4887,23
P29317,EphA2,Y772,871,20,749,25
P29320,EphA3,Y779,36772,6,12598,11
P29323,EphB2,Y780,1352,18,1295,13
P54753,EphB3,Y600,5290,16,7185,14
P54760,EphB4,Y596,2773,7,3197,9
P04626,ErbB2 (HER2),Y1248,12196,7,13254,5
P04626,ErbB2 (HER2),Y735,11347,20,14249,9
P04626,ErbB2 (HER2),Y877,1840,10,1266,39
P04626,ErbB2 (HER2),Pan-specific,10607,9,13329,8
P04626,ErbB2 (HER2),Pan-specific,24262,26,14734,25
Q96RT1,ERBB2IP ,Y1104,7640,12,9189,17
P21860,ErbB3 (HER3),Y1289,6793,9,12649,11
P21860,ErbB3 (HER3),Y1307,1957,8,2500,13
P21860,ErbB3 (HER3),Y1328,8347,9,8696,9
P21860,ErbB3 (HER3),Pan-specific,23524,12,15045,7
P21860,ErbB3 (HER3),Pan-specific,12182,8,12501,12
Q15303,ErbB4 (HER4),Y733,2381,10,2174,15
Q15303,ErbB4 (HER4),Pan-specific,5738,24,9517,17
Q15303,ErbB4 (HER4),Pan-specific,5606,14,9438,17
P27361,ERK1 (MAPK3),T202,9296,16,7215,40
P27361,ERK1 (MAPK3),T207,1327,21,1656,34
P27361,ERK1 (MAPK3),Y204,717,19,2083,19
P27361,ERK1 (MAPK3),Y204+T207,628,17,663,35
P27361,ERK1 (MAPK3),Pan-specific,15920,20,13775,7
P27361,ERK1 (MAPK3),Pan-specific,11758,13,12611,14
P27361,ERK1 (MAPK3),Pan-specific,72,51,33,282
P28482,ERK2 (MAPK1),T185+Y187,7480,14,13861,6
P28482,ERK2 (MAPK1),Pan-specific,5747,10,7211,9
Q16659,ERK3 (MAPK6),S189,6510,13,8959,9
P31152,ERK4 (MAPK4),Pan-specific,1446,12,2001,11
P31152,ERK4 (MAPK4),S186,10357,7,14871,5
Q13164,ERK5 (MAPK7),T219+Y221,4720,8,5784,19
Q13164,ERK5 (MAPK7),Pan-specific,11231,17,11789,9
Q9BSJ8,ESYT1,Y822,1801,21,2748,26
Q05397,FAK (PTK2),Y397,2794,24,6243,17
P16591,FER (TYK3),Y402,3148,9,4342,16
P11362,FGFR1,Pan-specific,9808,10,12622,36
P21802,FGFR2 ,Pan-specific,11527,3,14654,9
P22607,FGFR3,Y647+Y648,4061,23,7614,19
P22607,FGFR3,Pan-specific,13147,30,16751,17
P09769,FGR,Y208+Y209,16342,9,18594,11
Q12778,FKHR ,S319,7963,9,9125,20
P36888,FLT3 ,Y842,4370,12,8254,8
P42685,FRK,Y387,9987,19,14296,11
P42685,FRK,Y497,10313,24,11527,4
Q8WU20,FRS2,Y348,4122,28,5775,689
P06241,FYN,Y213+Y214,549,9,323,25
P06241,FYN,Y531,3902,18,4314,14
P11413,G6PD,Y401,9348,18,15723,11
Q12851,GCK,S170,6181,24,7777,10
Q9Y2X7,GIT1,Y545,5678,22,13814,9
P49840,GSK3a,S278+Y279,9740,20,15254,4
P49840,GSK3a,T19+S21,4337,13,10276,5
P49840,GSK3b,Y279,2920,29,1792,132
Q16774,GUK1,Y53,2552,15,2849,34
Q9NZ63,HCA59 ,Y147,6628,18,6865,13
Q9UQL6,HDAC5,S498,8336,16,8398,5
O95819,HGK ,T187,1279,39,1904,14
Q86Z02,HIPK1,Y352,555,10,626,16
P08238,HSP90AB1 ,Y484,2144,24,4100,20
P42858,Huntingtin,S421,1609,24,2157,18
Q9UPZ9,ICK,Y156+T157,16053,31,17831,5
Q9UPZ9,ICK,Y159,4709,27,8501,15
P08069,IGF1R,Y1280,13250,11,8508,14
P08069,IGF1R,Y1346,1585,16,2635,9
Q15653,IkBb,Pan-specific,2783,11,9186,13
O00221,IkBe,S161,2788,15,4950,16
O15111,IKKa ,Pan-specific,8591,18,11658,5
O15111,IKKa ,T179+S180,12256,12,12150,3
Q14164,IKKe ,S172,2014,7,5802,6
Q13418,ILK1,Y351,329,7,640,5
P06213,InsR (IR),Y1189,2719,23,7210,10
P13612,Integrin a4 ,S1021,23548,31,9259,11
P51617,IRAK1,T387,5995,22,6201,13
Q9NWZ3,IRAK4,T345+S346,5740,19,9406,16
P35568,IRS1,S312,6690,31,7378,5
P35568,IRS1,S639,6390,27,5029,19
P35568,IRS1,Y612,1906,34,2258,4281
Q08881,ITK,Y512,2844,15,5264,7
Q9NZM3,ITSN2,Y968,2409,28,6314,10
P23458,JAK1,Y1034,9540,156,10487,11
P23458,JAK1,Pan-specific,15775,13,14879,5
O60674,JAK2,Pan-specific,4769,16,6252,5
O60674,JAK2,Y570,1972,13,2712,15
O60674,JAK2,Pan-specific,15203,10,15484,10
O60674,JAK2,Pan-specific,2566,10,2948,20
P52333,JAK3,Y980+Y981,2715,14,6964,10
P45983,JNK1 ,Y185,1300,29,1672,6
P45983,JNK1 ,Pan-specific,4049,11,7498,20
P53779,JNK3 ,Pan-specific,481,25,278,12
P05412,JUN,S73,9623,17,9865,6
P05412,JUN,T91,5290,18,9456,14
Q9Y4K4,KHS1 ,S174,3072,27,4039,14
Q9Y4K4,KHS1 ,Y31,1775,7,1885,11
P10721,KIT,S821+Y823,7609,26,12545,13
P10721,KIT,Y703,7301,17,7958,11
P10721,KIT,Y936,1132,26,1887,9
P10721,KIT,Pan-specific,63,61,6,55
P10721,KIT,Pan-specific,3701,26,5645,10
Q8IVT5,MST2,Pan-specific,3325,11,2315,15
Q13043,MST1,Pan-specific,3943,6,2381,10
Q8IVT5,KSR1,S404,6758,18,10872,3
Q8IVT5,KSR,Pan-specific,3031,7,1466,16
Q6VAB6,KSR2,S490,86,96,21,6381
O95835,LATS1,S464,741,13,791,16
O95835,LATS1,S909,2123,7,2060,4
P06239,LCK,Y192,3671,11,5102,12
P06239,LCK,Y263+Y264,11405,14,16182,2
P53667,LIMK1,T508,16147,4,16202,2
Q15831,LKB1 ,S31,1549,9,2914,15
Q15831,LKB1 ,S428,10510,6,12416,5
Q15831,LKB1 ,Pan-specific,64,402,20,18954
Q15831,LKB1 ,Pan-specific,15970,7,12734,7
Q8IWU2,LMR2,S1450,7568,8,12745,9
O94804,LOK,S191,4338,13,9951,10
P29376,LTK,Y672,2893,19,5759,5
P07948,LYN,Pan-specific,3476,12,1976,22
P07948,LYN,Y508,4465,8,3544,19
P20794,MAK,T157,3711,21,4423,29
P49137,MAPKAPK2,T222,5621,13,5249,14
P49137,MAPKAPK2,Y225+T226,3462,24,7991,20
Q16644,MAPKAPK3,Y76,1491,16,1755,15
Q8IW41,MAPKAPK5 ,T186,4234,12,3983,11
Q9P0L2,MARK1,T215,4585,12,6118,16
P27448,MARK3,T507,2407,3,2602,7
Q00987,MDM2,S166,7485,12,9099,9
Q02750,MEK1 ,S222,608,23,556,29
Q02750,MEK1 ,T386,11982,10,9891,8
Q02750,MEK1 ,Pan-specific,3468,9,2816,11
Q02750,MEK1 ,Pan-specific,11355,23,15113,5
Q02750,MEK1 ,Pan-specific,762,17,415,9
P36507,MEK2,Pan-specific,2052,17,1696,10
P46734,MEK3 ,Pan-specific,4576,15,4127,10
P46734,MEK3/6 ,S218/S207,8600,9,5351,19
P45985,MEK4 ,Pan-specific,4157,32,5084,13
Q13163,MEK5 ,Pan-specific,4961,8,2218,11
Q13163,MEK5 ,S311,3082,7,5995,6
Q13163,MEK5 ,Pan-specific,7472,17,10510,12
Q13233,MEKK1 ,Pan-specific,5132,11,7931,16
Q9Y2U5,MEKK2 ,S239,2443,18,2186,5
Q9Y2U5,MEKK2 ,Pan-specific,15443,13,13607,6
Q13233,MEKK1 ,Pan-specific,16444,8,14144,11
Q12866,MERTK ,Y749,1225,18,1064,9
Q12866,MERTK ,Y749+Y753,13407,15,16142,10
Q12866,MERTK ,Y753,536,22,353,16
P08581,MET,S1236,11586,14,16033,1
P08581,MET,T1241,5750,16,9875,7
P08581,MET,Y1003,4633,11,7158,5
P08581,MET,Y1230 ,18415,10,16462,5
P08581,MET,Y1230+Y1234+Y1235,4748,26,3518,848
P08581,MET,Y1234+Y1235,11261,9,17131,6
P08581,MET,Y1234+Y1235+S1236,2908,24,4241,5
P08581,MET,Pan-specific,24603,9,16278,3
P08581,MET,Pan-specific,18931,7,15797,7
P46734,MKK3 ,S218,13465,17,15574,5
P46734,MKK3 ,Y230,9069,15,11509,6
P46734,MKK3 ,Pan-specific,5927,13,8642,4
P46734,MKK3 ,Pan-specific,3111,7,7184,14
P45985,MKK4,S257,2389,12,2980,25
P45985,MKK4,S80,896,14,828,9
P45985,MKK4,Pan-specific,34,46,28,193
P45985,MKK4,Pan-specific,6483,12,4935,27
P52564,MKK6 ,Pan-specific,2311,15,3106,13
O14733,MKK7,T275,2189,22,1683,20
O14733,MKK7,Pan-specific,5063,12,9051,7
Q16584,MLK3,S281,425,32,155,16
Q9NYL2,MLTK ,T161+T162,1876,14,2771,14
Q9UQ07,MOK ,T159+Y161,2570,12,4904,11
Q9UQ07,MOK ,Y167,4060,10,6451,13
P00540,MOS,Y263,624,13,724,6
O75582,MSK1 ,S212,6755,24,6867,11
Q13043,MST1 ,Pan-specific,1182,24,922,11
Q13043,MST1 ,Pan-specific,2043,55,3269,24
Q13188,MST2 ,Pan-specific,11517,14,16139,20
Q9Y6E0,MST3 ,T184,1136,8,1155,20
Q9Y6E0,MST3 ,T190,3260,21,4134,12
P42345,mTOR ,S2448,3728,16,5449,23
P42345,mTOR ,S2478+S2481,852,14,699,28
P42345,mTOR ,S2448,1100,22,1206,25
P42345,mTOR ,Pan-specific,3570,22,4867,6
P42345,mTOR ,Pan-specific,17178,23,11676,3
P01106,MYC,S373,5877,21,7074,9
P01106,MYC,T58,12110,8,7471,35
P15172,MYOD,S200,2442,35,4862,48
O14974,MYPT1 ,T696,10952,19,9727,10
O60934,NBS1 ,S343,6053,21,6305,8
Q15208,NDR1 ,S281+T282,1683,16,4330,7
P51955,NEK2,T170+S171,12697,10,9186,6
Q8TDX7,NEK7,Pan-specific,1861,25,1429,10
Q04206,NFkappaB p65  ,S276,5673,22,8971,17
Q04206,NFkappaB p65  ,S529,6827,6,6799,24
Q04206,NFkappaB p65  ,S536,10521,11,10630,34
Q13224,NMDAR2B ,Y1474,793,53,1443,29
Q05586,NR1 (NMDAR1),S896,8254,14,6765,13
O60285,NUAK1 ,T211,2943,12,5453,27
O95747,OSR1,T185,6477,17,9050,13
Q16539,p38a MAPK ,T180+Y182,1425,13,1259,17
Q16539,p38a MAPK ,T180+Y182,1117,19,885,16
Q16539,p38a MAPK ,T180+Y182,8399,12,3308,21
Q15759,p38b MAPK ,T180+Y182,1842,29,2032,23
Q15759,p38b MAPK ,Pan-specific,5168,11,4504,12
Q15759,p38b MAPK ,Pan-specific,5479,18,3414,7
O15264,p38d MAPK ,T180+Y182,274,18,404,62
O15264,p38d MAPK ,Y182,3775,34,6619,19
O15264,p38d MAPK ,Pan-specific,9602,5,9351,23
P53778,p38g MAPK ,Pan-specific,3577,21,7342,27
P53778,p38g MAPK ,Pan-specific,5347,11,5599,37
P53778,p38g MAPK ,Pan-specific,5373,16,3368,7
P04637,p53 ,Pan-specific,3802,11,5595,23
P04637,p53 ,S33,2961,25,5409,6
P04637,p53 ,S37,11398,25,7601,20
P04637,p53 ,S392,5873,32,5134,7
P04637,p53 ,S6,7729,14,6503,8
P23443,p70 S6K ,Pan-specific,12107,23,12568,6
P23443,p70 S6K ,T252,3966,39,9553,15
P23443,p70 S6K ,T412,9550,16,12722,13
P23443,p70 S6K ,T444+S447,24157,20,15677,12
P23443,p70 S6K ,Pan-specific,3444,13,2331,42
Q9UBS0,p70 S6KB ,S423,6305,10,10767,10
Q13153,PAK1,S144,1847,34,2686,15
Q13153,PAK1,T212,13086,19,9453,14
Q13153,PAK1,T423,1497,22,2835,10
Q13153,PAK1,S144/S141/S154,5282,51,3038,37
Q13153,PAK1,Pan-specific,5195,21,4547,42
Q13177,PAK2 ,Pan-specific,3739,15,3592,12
Q13177,PAK2 ,S141,13166,122,15545,34
Q13177,PAK2 ,Y130,1378,36,1570,24
Q13177,PAK2 ,Pan-specific,1355,14,1181,21
O75914,PAK3 ,Pan-specific,10628,4,8833,14
O96013,PAK4,S474,895,8,2004,20
Q9P286,PAK5 ,S602,4221,8,5305,9
P49023,Paxillin 1 ,Y118,16644,15,11208,13
P49023,Paxillin 1 ,Y31,8144,11511,5045,6
Q96KB5,PBK,Y74,3713,24,8326,15
Q00536,PCTAIRE1 ,Pan-specific,1784,7,1450,27
Q00536,PCTAIRE1 ,Y176,1244,11,1751,31
Q00537,PCTAIRE2 ,S180,2903,12,4451,14
P16234,PDGFRa,S847+Y849,4516,5,4227,23
P16234,PDGFRa,Y754,6612,7,5823,14
P16234,PDGFRa,Y762,8071,5,8318,9
P16234,PDGFRa,Y768,3608,19,4864,9
P16234,PDGFRa,Pan-specific,16342,9,14014,7
P16234,PDGFRa,Pan-specific,12918,16,14900,25
P09619,PDGFRb,Y716,16144,10,12451,8
P09619,PDGFRb,Pan-specific,5650,8,5412,20
P09619,PDGFRb,Pan-specific,6586,12,10133,3
O15530,PDK1 ,S241,781,9,1494,15
Q96HC4,PDLIM5 ,Y251,1496,4,2422,21
P16284,PECAM-1,Y713,9183,10,14291,6
Q15121,PED15 ,S116,8540,12,5873,14
P00558,PGK1,Y196,23310,7,14144,5
P27986,PIK3R1,Y467,19831,14,14038,12
P27986,PIK3R1,Y580,8679,14,12923,7
O00459,PIK3R2,Y464,1079,7,1450,17
Q9P1W9,PIM2,T195,3430,15,2819,4
P17612,PRKACA,Pan-specific,6334,19,4855,14
P17252,PKCa ,Pan-specific,8088,9,6427,5
P17252,PKCa ,T497,2649,5,2775,9
P17252,PKCa ,Y195,3284,7,4135,12
P17252,PKCa ,Pan-specific,56,124,12,27
P05771,PKCb ,S661,32975,7,18560,13
P05771,PKCb ,T500,19875,12,12607,14
P05771,PKCb ,Pan-specific,3735,31,5890,14
P05771,PKCb ,Pan-specific,5830,5,2357,6
P05771,PKCb2,T642,4580,12,4176,18
Q05655,PKCd ,Pan-specific,4503,16,7155,14
Q05655,PKCd ,S645,5705,8,6342,10
Q05655,PKCd ,S664,5238,28,2904,65
Q05655,PKCd ,T507,6149,9,12037,9
Q05655,PKCd ,Y313,10930,18,9431,6
Q05655,PKCd ,Y313,12128,6,9994,10
Q05655,PKCd ,Y313,14768,5,17577,17
Q05655,PKCd ,Y334,621,21,659,13
Q02156,PKCe ,Pan-specific,2747,21,4859,19
Q02156,PKCe ,Pan-specific,11410,18,10156,8
Q02156,PKCe ,S729,9426,14,6595,7
P05129,PKCg,Pan-specific,3656,15,7085,6
P05129,PKCg,T514,7735,16,7510,9
P05129,PKCg,T514,11909,10,11212,4
P05129,PKCg,T655,12461,6,10297,5
P05129,PKCg,T674,20640,6,17604,8
P24723,PKCh ,Pan-specific,3224,22,4073,8
P24723,PKCh ,T656,5362,8,4675,3
P41743,PKCl/I ,Pan-specific,1730,19,1415,9
P41743,PKCl/I ,T564,8578,6,5142,13
Q15139,PKCm ,S738+S742,1501,13,1677,13
Q15139,PKCm ,S910,10033,11,10055,12
Q04759,PKCq ,S676,9197,25,7973,8
Q04759,PKCq ,S695,8166,30,15476,29
Q04759,PKCq ,S695,1348,15,2148,5
Q04759,PKCq ,Y545,4434,5,7965,11
Q05513,PKCz ,S262+Y263,664,13,429,10
Q05513,PKCz ,T410,4605,7,5168,14
Q15139,PKCm ,Pan-specific,3596,20,4827,11
P14618,PKM2,Y390,3138,13,4279,14
Q16512,PKN  ,Pan-specific,20689,36,16629,16
P19525,PKR1 ,Pan-specific,8515,13,2746,14
P19525,PKR1 ,T446,16818,136,15836,8
P19525,PKR1 ,T446,1423,16,1656,19
P19174,PLCg1,Y771,14525,16,9322,16
P19174,PLCg1,Y783,5671,70,7530,16
P19174,PLCg1,Y783,16878,13,17375,8
P16885,PLCg2 ,Y753,10667,19,5696,39
P16885,PLCg2 ,Y759,10348,24,12754,8
O00444,PLK4 ,T170,17308,19,20494,20
O60927,PPP1R11,Y64,1549,26,2271,14
Q16512,PRK1,T774,9598,30,13602,1
P17612,PRKACA ,T196+T198,3388,20,3871,15
Q9BZL6,PRKD2 ,S197+S198,3519,25,8352,8
P51817,PRKX,T201+T203,10427,34,13155,8
Q13523,PRP4K ,Y849,2433,14,2726,18
P60484,PTEN,Pan-specific,6470,18,9355,25
P60484,PTEN,S380+T382+S385,11730,17,6243,3
P60484,PTEN,S380+T382+T383,2343,27,5093,17
P60484,PTEN,S380+T382+T383,9192,17,6537,28
P60484,PTEN,Pan-specific,13926,13,17635,5
Q06124,PTP1D ,S580,7297,15,6133,40
Q6NZI2,PTRF,Y308,400,11,325,24
Q14289,PYK2 ,Pan-specific,13414,6,9211,17
Q14289,PYK2 ,Y402,3539,19,6761,10
Q14289,PYK2 ,Y579+Y580,1504,14,2219,15
P63000,Rac1/cdc42,Pan-specific,9516,13,4150,21
P63000,Rac1/cdc42,S71,5109,41,4784,14
P04049,Raf1 (c-Raf),S296,1018,10,1274,7
P04049,Raf1 (c-Raf),S301+T303,692,20,429,6
P04049,Raf1 (c-Raf),Pan-specific,6706,29,8479,10
P04049,Raf1 (c-Raf),Pan-specific,2132,46,6227,6
P06400,Rb,Pan-specific,8671,23,5831,41
P06400,Rb,S612,7237,23,6203,39
P06400,Rb,S780,9642,41,6037,27
P06400,Rb,S795,843,29,1278,10
P06400,Rb,T821,15038,7,7160,11
P06400,Rb,T826,14512,22,11310,10
Q01201,RelB,Pan-specific,14333,14,8263,12
Q01201,RelB,S573,18252,24,14152,12
P07949,RET,Y905,3341,14,6687,7
P07949,RET,Pan-specific,4193,19,6693,12
P07949,RET,Pan-specific,3041,25,4869,12
Q9BRS2,RIOK1,Y466,2720,27,3864,7
O43353,RIPK2 ,S176,5619,14,8989,3
O43353,RIPK2 ,Y381,8432,14,11032,5
O75116,ROCK2,Y722,5241,44,9862,6
O75116,ROCK2 ,Pan-specific,8239,58,5251,74
Q04912,Ron ,Y1238,35250,16,21464,6
Q04912,Ron ,Pan-specific,4123,18,9397,4
Q04912,Ron ,Pan-specific,6981,19,7104,15
P08922,ROS,Y2114+Y2115,35447,9,21520,9
P08922,ROS,Pan-specific,4820,28,9637,10
P08922,ROS,Pan-specific,7495,10,14344,3
Q15418,RSK1 ,Pan-specific,3205,9,7658,12
Q15418,RSK1 ,S221,3886,15,7560,5
Q15418,RSK1 ,S363,1627,11,3731,8
Q15418,RSK1 ,S380,16479,46,20975,9
Q15418,RSK1 ,T359,4692,17,9873,20
Q15418,RSK1 ,T573,6372,17,9159,3
Q15418,RSK1/2 ,S363/S369,4962,52,6285,18
Q15418,RSK1/2 ,S380/S386,5683,38,4970,27
Q15349,RSK3,Y217+S218,3584,35,5002,5
P62753,RPS6,S235,16059,19,10643,11
P23443,p70 S6K ,S434,9214,442,7918,27
P23443,p70 S6K ,S447,7461,29,5713,53
P23443,p70 S6K ,T252,9695,26,7535,13
P23443,p70 S6K ,T444+S447,256,187,394,31
Q96KG9,SCYL1,S754,2685,24,7106,16
Q86YV5,Sgk223,Y413,4045,16,7406,6
Q9H792,SgK269 ,Y635,4001,30,7361,24
P29353,Shc1,Y349,3035,25,4760,33
P29353,Shc1,Y349+Y350,9675,105,7076,41
O15357,SHIP2,Y886,5137,38,8011,30
O15357,SHIP2,Pan-specific,9453,52,11118,38
Q06124,SHP2 (PTP1D),Pan-specific,9242,24,9272,34
P57059,SIK (SIK1),T182,807,44,1314,45
Q9H0K1,SIK2 (QIK),S358,10860,14,15263,9
Q9H0K1,SIK2 (QIK),Pan-specific,7116,17,11600,13
Q9Y2K2,SIK3 (QSK),T163,24391,12,17072,10
Q9Y2K2,SIK3 (QSK),T411,1998,16,1973,32
Q9Y2K2,SIK3 (QSK),Pan-specific,5117,67,6976,17
Q9Y2K2,SIK3 (QSK),Pan-specific,4061,33,5897,22
Q9Y3P8,SIT,Y90,3775,24,9368,18
Q9H2G2,SLK ,S189,4176,43,4522,16
Q15797,Smad1,S465,1303,23,5948,33
Q15796,Smad2,S467,1541,42,2604,23
Q15796,Smad2,T220,818,34,1533,21
Q15796,Smad2/3,Pan-specific,8363,66,3868,8
Q14683,SMC1,S957,1950,19,3112,20
Q96Q15,SMG1,T3550,17396,24,14561,3
P37840,SNCA ,S129,2249,31,2254,8
P08621,snRNP 70,Y126,2929,24,5444,39
P48436,SOX9,S181,7372,34,7440,19
P12931,SRC,Pan-specific,3243,16,5184,23
P12931,SRC,Y419,10302,37,9271,14
P12931,SRC,Y419,420,31,413,15
P12931,SRC,Y530,7651,28,6345,9
Q96SB4,SRPK1,S222,1125,14,1882,13
P42224,STAT1,S727,3570,49,3411,92
P42224,STAT1,Y701,16598,23,7463,20
P40763,STAT3,Pan-specific,3193,88,5172,52
P40763,STAT3,Y705,6984,2406,6442,22
P40763,STAT3,Y705+T708,4526,19,5009,21
P42229,STAT5A,Pan-specific,2526,80,9034,14
P42229,STAT5A,S780,6450,31,6651,17
P42229,STAT5A,Y694,5981,24,7754,38
P51692,STAT5B,Pan-specific,1970,36,6380,16
P43405,SYK,Pan-specific,27019,38,12928,8
P43405,SYK,Y323,3097,38,4243,78
P43405,SYK,Y323,1716,36,1302,21
P43405,SYK,Y352,560,31,453,17
P43405,SYK,Y525+Y526,285,53,316,27
O43318,TAK1 ,S439,5850,13,10877,19
O43318,TAK1 ,T184+T187,4765,10,5369,24
Q7L7X3,TAO1 ,S181,805,19,968,4
Q7L7X3,TAO1 ,Y309,791,28,1171,33
P10636,Tau,S516,7062,40,5640,43
P10636,Tau,S713,10691,72,5316,27
P10636,Tau,S713,7994,28,5299,19
P10636,Tau,S721,4052,57,3189,27
P10636,Tau,S739,5427,31,4143,49
P10636,Tau,T522,9096,31,7765,27
Q9P0N9,TBC1D7,Y14,816,39,616,55
Q9UHD2,TBK1,Pan-specific,8734,32,6816,46
Q9UHD2,TBK1,S172,1395,5,1579,49
P42680,TEC,Y519,2399,21,3778,53
P21980,TGM2,Y369,1732,20,2746,39
Q02763,TIE2 ,Y897,2879,20,3389,21
Q02763,TIE2 ,Y992,1198,16,1355,6
Q9Y490,TLN1 ,Y70,11589,11,14355,8
Q13470,TNK1,Y277,7115,19,11465,16
P04629,TRKA ,Pan-specific,384,29,295,23
P04629,TRKA ,Y680+Y681,5352,37,7272,11
Q16620,TRKB ,Y516,2376,17,2703,25
Q16620,TRKB ,Y706,2376,13,4769,15
Q96PN8,TSSK3,T168,2631,6,3495,8
P33981,TTK,Pan-specific,1631,6,925,12
P33981,TTK,S677,1709,8,1939,14
P33981,TTK,Y833+Y836,7583,15,9878,10
P29597,TYK2,Pan-specific,2511,22,4460,10
P29597,TYK2,Y1054+Y1055,7469,11,10595,23
P29597,TYK2,Y292,2316,11,2662,20
Q06418,TYRO3,Y681,6226,3,12542,9
P07101,Tyrosine Hydroxylase,S71,943,37,1339,27
P17948,VEGFR1 (FLT1),Y1048,1559,3,1721,8
P17948,VEGFR1 (FLT1),Y1053,773,17,832,11
P35968,VEGFR2 (KDR),Y1054,61,23,32,4453
P35968,VEGFR2 (KDR),Y1059,1659,15,2937,16
P35968,VEGFR2 (KDR),Y1214,558,25,1080,22
P35916,VEGFR3 (FLT4),Y1068,1191,15,1300,16
P17948,VEGFR1 (FLT1),Pan-specific,16057,12,11190,15
P35968,VEGFR2 (KDR),Pan-specific,5708,22,7705,4
P35968,VEGFR2 (KDR),Pan-specific,3366,20,6839,16
P35916,VEGFR3 (FLT4),Pan-specific,409,18,441,13
P35916,VEGFR3 (FLT4),Pan-specific,8253,14,8655,14
P08670,VIM,Y117,2252,7,4148,19
P08670,Vimentin,S34,8595,17,5837,5
P30291,Wee1,Pan-specific,3617,9,4223,22
P30291,Wee1,S642,461,12,590,17
Q9H4A3,WNK1 ,S382,1152,15,2206,23
Q9H4A3,WNK1 ,T2245,2521,22,3202,7
Q9H4A3,WNK1 ,T60,3143,19,5680,24
Q9H4A3,WNK1 ,Pan-specific,4323,29,11338,12
P07947,YES,Pan-specific,7275,15,6268,40
P07947,YES,Pan-specific,5072,27,2539,32
P07947,YES,Y222+Y223,13522,20,11115,30
O00506,YSK1 ,T174,6423,21,10485,32
P43403,ZAP70,Pan-specific,7921,31,4418,31
P43403,ZAP70,Pan-specific,4956,22,4904,36
P43403,ZAP70,Y292,349,30,331,32
P43403,ZAP70,Y319,2259,19,3636,16
P43403,ZAP70,Y492+Y493,4347,22,4944,31
